{
  "sb3_total_time": 75.16266632080078,
  "sbx_pre_warmup_time": 9.985224962234497,
  "sbx_post_warmup_time": 9.845113277435303,
  "sbx_total_time": 89.30862879753113
}